<?xml version="1.0" encoding="UTF-8"?>
<project-private xmlns="http://www.netbeans.org/ns/project-private/1">
    <data xmlns="http://www.netbeans.org/ns/make-project-private/1">
        <activeConfTypeElem>1</activeConfTypeElem>
        <activeConfIndexElem>0</activeConfIndexElem>
    </data>
    <editor-bookmarks xmlns="http://www.netbeans.org/ns/editor-bookmarks/2" lastBookmarkId="0"/>
    <open-files xmlns="http://www.netbeans.org/ns/projectui-open-files/2">
        <group>
            <file>file:/Users/AZ/Documents/GitHub/Battleship/Battleship/Display.h</file>
            <file>file:/Users/AZ/Documents/GitHub/Battleship/Battleship/Board.h</file>
            <file>file:/Users/AZ/Documents/GitHub/Battleship/Battleship/Prompt.cpp</file>
            <file>file:/Users/AZ/Documents/GitHub/Battleship/Battleship/Coordinate.h</file>
            <file>file:/Users/AZ/Documents/GitHub/Battleship/Battleship/Makefile</file>
            <file>file:/Users/AZ/Documents/GitHub/Battleship/Battleship/AbsBoat.h</file>
            <file>file:/Users/AZ/Documents/GitHub/Battleship/Battleship/User.h</file>
            <file>file:/Users/AZ/Documents/GitHub/Battleship/Battleship/Boat.cpp</file>
            <file>file:/Users/AZ/Documents/GitHub/Battleship/Battleship/Game.h</file>
            <file>file:/Users/AZ/Documents/GitHub/Battleship/Battleship/Prompt.h</file>
            <file>file:/Users/AZ/Documents/GitHub/Battleship/Battleship/Battleship.h</file>
            <file>file:/Users/AZ/Documents/GitHub/Battleship/Battleship/Boat.h</file>
            <file>file:/Users/AZ/Documents/GitHub/Battleship/Battleship/NSFile.h</file>
        </group>
    </open-files>
</project-private>
